{
  "project_info": {
    "project_number": "614558063959",
    "firebase_url": "https://fir-demo-a5e63-default-rtdb.firebaseio.com",
    "project_id": "fir-demo-a5e63",
    "storage_bucket": "fir-demo-a5e63.appspot.com"
  },
  "client": [
    {
      "client_info": {
        "mobilesdk_app_id": "1:614558063959:android:3445e6d2842ba0d6b37212",
        "android_client_info": {
          "package_name": "com.bignerdranch.android.b0422firebasepractice"
        }
      },
      "oauth_client": [
        {
          "client_id": "614558063959-cqs5ltk3bkuma7nrhc3g08h2tpnn6qes.apps.googleusercontent.com",
          "client_type": 3
        }
      ],
      "api_key": [
        {
          "current_key": "AIzaSyAA_99b38Eq5ExicEbEw668KrCZRZd7Mzw"
        }
      ],
      "services": {
        "appinvite_service": {
          "other_platform_oauth_client": [
            {
              "client_id": "614558063959-cqs5ltk3bkuma7nrhc3g08h2tpnn6qes.apps.googleusercontent.com",
              "client_type": 3
            }
          ]
        }
      }
    },
    {
      "client_info": {
        "mobilesdk_app_id": "1:614558063959:android:e8d9ea77aebe9a81b37212",
        "android_client_info": {
          "package_name": "com.jasonkim2020.android.b0424myfirebase"
        }
      },
      "oauth_client": [
        {
          "client_id": "614558063959-cqs5ltk3bkuma7nrhc3g08h2tpnn6qes.apps.googleusercontent.com",
          "client_type": 3
        }
      ],
      "api_key": [
        {
          "current_key": "AIzaSyAA_99b38Eq5ExicEbEw668KrCZRZd7Mzw"
        }
      ],
      "services": {
        "appinvite_service": {
          "other_platform_oauth_client": [
            {
              "client_id": "614558063959-cqs5ltk3bkuma7nrhc3g08h2tpnn6qes.apps.googleusercontent.com",
              "client_type": 3
            }
          ]
        }
      }
    },
    {
      "client_info": {
        "mobilesdk_app_id": "1:614558063959:android:556760d397b3ef3bb37212",
        "android_client_info": {
          "package_name": "com.jasonkim2020.android.b0425veza"
        }
      },
      "oauth_client": [
        {
          "client_id": "614558063959-cqs5ltk3bkuma7nrhc3g08h2tpnn6qes.apps.googleusercontent.com",
          "client_type": 3
        }
      ],
      "api_key": [
        {
          "current_key": "AIzaSyAA_99b38Eq5ExicEbEw668KrCZRZd7Mzw"
        }
      ],
      "services": {
        "appinvite_service": {
          "other_platform_oauth_client": [
            {
              "client_id": "614558063959-cqs5ltk3bkuma7nrhc3g08h2tpnn6qes.apps.googleusercontent.com",
              "client_type": 3
            }
          ]
        }
      }
    },
    {
      "client_info": {
        "mobilesdk_app_id": "1:614558063959:android:e3cc3dddfb4e35e1b37212",
        "android_client_info": {
          "package_name": "com.jasonkim2020.android.b0426afirebaseimageuploadrecyclerview"
        }
      },
      "oauth_client": [
        {
          "client_id": "614558063959-cqs5ltk3bkuma7nrhc3g08h2tpnn6qes.apps.googleusercontent.com",
          "client_type": 3
        }
      ],
      "api_key": [
        {
          "current_key": "AIzaSyAA_99b38Eq5ExicEbEw668KrCZRZd7Mzw"
        }
      ],
      "services": {
        "appinvite_service": {
          "other_platform_oauth_client": [
            {
              "client_id": "614558063959-cqs5ltk3bkuma7nrhc3g08h2tpnn6qes.apps.googleusercontent.com",
              "client_type": 3
            }
          ]
        }
      }
    },
    {
      "client_info": {
        "mobilesdk_app_id": "1:614558063959:android:938d744952d76c32b37212",
        "android_client_info": {
          "package_name": "com.jasonkim2020.android.b0427chatapp"
        }
      },
      "oauth_client": [
        {
          "client_id": "614558063959-cqs5ltk3bkuma7nrhc3g08h2tpnn6qes.apps.googleusercontent.com",
          "client_type": 3
        }
      ],
      "api_key": [
        {
          "current_key": "AIzaSyAA_99b38Eq5ExicEbEw668KrCZRZd7Mzw"
        }
      ],
      "services": {
        "appinvite_service": {
          "other_platform_oauth_client": [
            {
              "client_id": "614558063959-cqs5ltk3bkuma7nrhc3g08h2tpnn6qes.apps.googleusercontent.com",
              "client_type": 3
            }
          ]
        }
      }
    },
    {
      "client_info": {
        "mobilesdk_app_id": "1:614558063959:android:ff2d0c53e49101e9b37212",
        "android_client_info": {
          "package_name": "com.jasonkim2020.android.b0427chatappfire"
        }
      },
      "oauth_client": [
        {
          "client_id": "614558063959-cqs5ltk3bkuma7nrhc3g08h2tpnn6qes.apps.googleusercontent.com",
          "client_type": 3
        }
      ],
      "api_key": [
        {
          "current_key": "AIzaSyAA_99b38Eq5ExicEbEw668KrCZRZd7Mzw"
        }
      ],
      "services": {
        "appinvite_service": {
          "other_platform_oauth_client": [
            {
              "client_id": "614558063959-cqs5ltk3bkuma7nrhc3g08h2tpnn6qes.apps.googleusercontent.com",
              "client_type": 3
            }
          ]
        }
      }
    },
    {
      "client_info": {
        "mobilesdk_app_id": "1:614558063959:android:cd317909d1f44d59b37212",
        "android_client_info": {
          "package_name": "com.jasonkim2020.android.b0427firechat"
        }
      },
      "oauth_client": [
        {
          "client_id": "614558063959-cqs5ltk3bkuma7nrhc3g08h2tpnn6qes.apps.googleusercontent.com",
          "client_type": 3
        }
      ],
      "api_key": [
        {
          "current_key": "AIzaSyAA_99b38Eq5ExicEbEw668KrCZRZd7Mzw"
        }
      ],
      "services": {
        "appinvite_service": {
          "other_platform_oauth_client": [
            {
              "client_id": "614558063959-cqs5ltk3bkuma7nrhc3g08h2tpnn6qes.apps.googleusercontent.com",
              "client_type": 3
            }
          ]
        }
      }
    }
  ],
  "configuration_version": "1"
}